-- Leader_UA
-- Author: Bach Chiu
-- DateCreated: 5/18/2023 2:33:46 PM
--------------------------------------------------------------
--This is to define the project.
/*INSERT INTO Types
		(Type,						Kind			)
VALUES	('PROJECT_BACHIAN_ECONOMY',	'KIND_PROJECT'	);

INSERT INTO Projects
		(UnlocksfromEffect,
		AdvisorType,
		Cost,
		Description,
		ShortName,
		Name,
		ProjectType,
		PrereqDistrict)
VALUES
		(1,
		'ADVISOR_GENERIC',
		1,
		'LOC_PROJECT_BACHIAN_ECONOMY_DESCRIPTION',
		'LOC_PROJECT_BACHIAN_ECONOMY_SHORT_NAME',
		'LOC_PROJECT_BACHIAN_ECONOMY_NAME',
		'PROJECT_BACHIAN_ECONOMY',
		'DISTRICT_GOVERNMENT');

INSERT INTO ProjectCompletionModifiers
		(ProjectType,				ModifierId										)
VALUES	('PROJECT_BACHIAN_ECONOMY',	'PROJECT_COMPLETION_BACHIAN_ECONOMY_CULTURE'	),
		('PROJECT_BACHIAN_ECONOMY',	'PROJECT_COMPLETION_BACHIAN_ECONOMY_SCIENCE'	),
		('PROJECT_BACHIAN_ECONOMY',	'PROJECT_COMPLETION_BACHIAN_ECONOMY_FAITH'		);

INSERT INTO Modifiers
		(ModifierId,	
		ModifierType,	
		RunOnce,	
		Permanent)
VALUES	('PROJECT_COMPLETION_BACHIAN_ECONOMY_CULTURE',
		'MODIFIER_PLAYER_GRANT_YIELD_BASED_ON_CURRENT_YIELD_RATE',
		0,
		0),

		('PROJECT_COMPLETION_BACHIAN_ECONOMY_SCIENCE',
		'MODIFIER_PLAYER_GRANT_YIELD_BASED_ON_CURRENT_YIELD_RATE',
		0,
		0),

		('PROJECT_COMPLETION_BACHIAN_ECONOMY_FAITH',
		'MODIFIER_PLAYER_GRANT_YIELD_BASED_ON_CURRENT_YIELD_RATE',
		0,
		0);

INSERT INTO ModifierArguments
		(ModifierId,									Name,				Value			)
VALUES	('PROJECT_COMPLETION_BACHIAN_ECONOMY_CULTURE',	'YieldToGrant',		'YIELD_CULTURE'	),
		('PROJECT_COMPLETION_BACHIAN_ECONOMY_CULTURE',	'YieldToBaseOn',	'YIELD_GOLD'	),
		('PROJECT_COMPLETION_BACHIAN_ECONOMY_CULTURE',	'Multiplier',		0.2				),
		('PROJECT_COMPLETION_BACHIAN_ECONOMY_SCIENCE',	'YieldToGrant',		'YIELD_SCIENCE'	),
		('PROJECT_COMPLETION_BACHIAN_ECONOMY_SCIENCE',	'YieldToBaseOn',	'YIELD_GOLD'	),
		('PROJECT_COMPLETION_BACHIAN_ECONOMY_SCIENCE',	'Multiplier',		0.2				),
		('PROJECT_COMPLETION_BACHIAN_ECONOMY_FAITH',	'YieldToGrant',		'YIELD_FAITH'	),
		('PROJECT_COMPLETION_BACHIAN_ECONOMY_FAITH',	'YieldToBaseOn',	'YIELD_GOLD'	),
		('PROJECT_COMPLETION_BACHIAN_ECONOMY_FAITH',	'Multiplier',		0.2				);*/
--District purchase new modifiers
INSERT INTO Types
		(Type,										Kind			)
VALUES	('MODIFIER_PLAYER_CAN_PURCHASE_DISTRICTS',	'KIND_MODIFIER'	);

INSERT INTO DynamicModifiers
		(ModifierType,								CollectionType,				EffectType									)
VALUES	('MODIFIER_PLAYER_CAN_PURCHASE_DISTRICTS',	'COLLECTION_PLAYER_CITIES',	'EFFECT_ADJUST_CITY_CAN_PURCHASE_DISTRICTS'	);

--The actual leader part
INSERT INTO Types
		(Type,								Kind		)
VALUES	('TRAIT_LEADER_BC_BACHIAN_ECONOMY',	'KIND_TRAIT');

INSERT INTO Traits
		(TraitType,							Name,										Description)
VALUES	('TRAIT_LEADER_BC_BACHIAN_ECONOMY',	'LOC_TRAIT_LEADER_BC_BACHIAN_ECONOMY_NAME',	'LOC_TRAIT_LEADER_BC_BACHIAN_ECONOMY_DESCRIPTION');

INSERT INTO LeaderTraits
		(LeaderType,		TraitType							)
VALUES	('LEADER_BC_BACH',	'TRAIT_LEADER_BC_BACHIAN_ECONOMY'	);

INSERT INTO TraitModifiers
		(TraitType,							ModifierId								)
VALUES	--('TRAIT_LEADER_BC_BACHIAN_ECONOMY',	'BACHIAN_ECONOMY_PROJECT'				),
		('TRAIT_LEADER_BC_BACHIAN_ECONOMY',	'BACHIAN_ECONOMY_DISTRICT_PURCHASE'		),
		('TRAIT_LEADER_BC_BACHIAN_ECONOMY',	'BACHIAN_ECONOMY_GOLD_FROM_ROUTE_LENGTH'),
		('TRAIT_LEADER_BC_BACHIAN_ECONOMY',	'BACHIAN_ECONOMY_SCIENCE_FROM_ROUTE_LENGTH'),
		('TRAIT_LEADER_BC_BACHIAN_ECONOMY',	'BACHIAN_ECONOMY_CULTURE_FROM_ROUTE_LENGTH'),
		('TRAIT_LEADER_BC_BACHIAN_ECONOMY',	'BACHIAN_ECONOMY_FOOD_FROM_ROUTE_LENGTH'),
		('TRAIT_LEADER_BC_BACHIAN_ECONOMY',	'BACHIAN_ECONOMY_PRODUCTION_FROM_ROUTE_LENGTH'),
		('TRAIT_LEADER_BC_BACHIAN_ECONOMY',	'BACHIAN_ECONOMY_FAITH_FROM_ROUTE_LENGTH');

INSERT INTO Modifiers
		(ModifierId,									ModifierType											)
VALUES	--('BACHIAN_ECONOMY_PROJECT',						'MODIFIER_PLAYER_ALLOW_PROJECT_CHINA'				),
		('BACHIAN_ECONOMY_DISTRICT_PURCHASE',			'MODIFIER_PLAYER_CAN_PURCHASE_DISTRICTS'				),
		('BACHIAN_ECONOMY_GOLD_FROM_ROUTE_LENGTH',		'MODIFIER_PLAYER_ADJUST_TRADE_ROUTE_YIELD_PER_PATH_TILE'),
		('BACHIAN_ECONOMY_SCIENCE_FROM_ROUTE_LENGTH',	'MODIFIER_PLAYER_ADJUST_TRADE_ROUTE_YIELD_PER_PATH_TILE'),
		('BACHIAN_ECONOMY_CULTURE_FROM_ROUTE_LENGTH',	'MODIFIER_PLAYER_ADJUST_TRADE_ROUTE_YIELD_PER_PATH_TILE'),
		('BACHIAN_ECONOMY_FOOD_FROM_ROUTE_LENGTH',		'MODIFIER_PLAYER_ADJUST_TRADE_ROUTE_YIELD_PER_PATH_TILE'),
		('BACHIAN_ECONOMY_PRODUCTION_FROM_ROUTE_LENGTH','MODIFIER_PLAYER_ADJUST_TRADE_ROUTE_YIELD_PER_PATH_TILE'),
		('BACHIAN_ECONOMY_FAITH_FROM_ROUTE_LENGTH',		'MODIFIER_PLAYER_ADJUST_TRADE_ROUTE_YIELD_PER_PATH_TILE');

INSERT INTO ModifierArguments
		(ModifierId,									Name,					Value						)
VALUES	--('BACHIAN_ECONOMY_PROJECT',						'ProjectType',			'PROJECT_BACHIAN_ECONOMY'	),
		('BACHIAN_ECONOMY_DISTRICT_PURCHASE',			'CanPurchase',			1							),
		('BACHIAN_ECONOMY_GOLD_FROM_ROUTE_LENGTH',		'Amount',				0.40						),
		('BACHIAN_ECONOMY_GOLD_FROM_ROUTE_LENGTH',		'YieldType',			'YIELD_GOLD'				),
		('BACHIAN_ECONOMY_SCIENCE_FROM_ROUTE_LENGTH',	'Amount',				0.2							),
		('BACHIAN_ECONOMY_SCIENCE_FROM_ROUTE_LENGTH',	'YieldType',			'YIELD_SCIENCE'				),
		('BACHIAN_ECONOMY_CULTURE_FROM_ROUTE_LENGTH',	'Amount',				0.2							),
		('BACHIAN_ECONOMY_CULTURE_FROM_ROUTE_LENGTH',	'YieldType',			'YIELD_CULTURE'				),
		('BACHIAN_ECONOMY_PRODUCTION_FROM_ROUTE_LENGTH','Amount',				0.1							),
		('BACHIAN_ECONOMY_PRODUCTION_FROM_ROUTE_LENGTH','YieldType',			'YIELD_PRODUCTION'			),
		('BACHIAN_ECONOMY_FOOD_FROM_ROUTE_LENGTH',		'Amount',				0.1							),
		('BACHIAN_ECONOMY_FOOD_FROM_ROUTE_LENGTH',		'YieldType',			'YIELD_FOOD'				),
		('BACHIAN_ECONOMY_FAITH_FROM_ROUTE_LENGTH',		'Amount',				0.2							),
		('BACHIAN_ECONOMY_FAITH_FROM_ROUTE_LENGTH',		'YieldType',			'YIELD_FAITH'				);



